Date,Commodity,District,Rainfall_Index_mm,Mandi_Arrival_Tonnes,Modal_Price
2026-01-31,Maize,Jammu,7.39,51.43,2094.29
2025-05-10,Paddy,Udhampur,0.56,102.94,1921.19
2026-02-04,Maize,Jammu,36.15,145.14,1880.56
2025-12-31,Paddy,Poonch,2.56,17.06,2143.29
2025-11-10,Wheat,Jammu,3.63,134.65,2134.02
2023-05-02,Maize,Poonch,3.62,90.76,1894.99
2024-04-11,Mustard,Jammu,2.62,88.95,5389.62
2023-11-27,Mustard,Udhampur,0.01,80.04,5555.68
2023-03-29,Apple,Udhampur,13.07,19.72,7523.21
2026-01-28,Paddy,Udhampur,34.07,22.58,2209.09
2025-05-21,Maize,Kathua,2.54,94.13,1912.58
2023-05-11,Apple,Rajouri,10.88,57.73,7404.58
2025-02-08,Maize,Udhampur,13.54,138.42,1930.67
2023-12-10,Paddy,Poonch,18.87,66.92,2114.82
2025-03-16,Mustard,Udhampur,5.49,30.06,5644.71
2024-01-21,Wheat,Kathua,3.61,110.06,1993.0
2025-08-13,Mustard,Poonch,3.93,51.07,5547.41
2023-10-04,Apple,Kathua,12.47,83.57,7363.88
2026-03-30,Wheat,Poonch,16.97,107.7,2156.22
2024-04-04,Apple,Jammu,2.0,136.04,7278.13
2023-01-22,Paddy,Rajouri,4.64,120.91,2052.39
2023-09-10,Wheat,Rajouri,23.22,104.69,2108.6
2025-01-17,Apple,Kathua,16.43,105.15,7396.9
2025-05-06,Paddy,Rajouri,41.9,142.43,2128.56
2024-04-19,Mustard,Kathua,14.03,51.42,5701.32
2025-12-18,Paddy,Kathua,5.0,10.16,2162.08
2024-05-25,Maize,Kathua,8.93,48.07,2061.07
2024-11-30,Paddy,Rajouri,10.82,40.5,2075.7
2025-09-02,Paddy,Kathua,0.82,102.66,1924.0
2023-07-09,Maize,Rajouri,7.86,98.72,2005.09
2025-08-15,Apple,Kathua,12.36,93.08,7399.68
2024-11-17,Apple,Udhampur,1.83,12.27,7540.48
2025-08-15,Paddy,Kathua,15.17,112.03,2001.7
2024-07-16,Maize,Poonch,8.77,55.29,2058.52
2025-04-11,Maize,Kathua,30.41,103.11,2116.74
2026-02-28,Mustard,Jammu,0.43,87.92,5538.38
2024-10-08,Apple,Kathua,3.08,57.98,7435.33
2023-01-21,Wheat,Poonch,9.2,28.84,2261.57
2025-04-20,Apple,Poonch,3.52,23.22,7405.74
2023-06-16,Apple,Rajouri,12.53,126.41,7411.48
2024-01-23,Mustard,Udhampur,14.23,138.58,5460.18
2024-08-23,Wheat,Kathua,1.08,100.97,2149.7
2023-11-12,Mustard,Rajouri,7.21,24.48,5566.02
2023-01-14,Wheat,Udhampur,7.11,66.28,2145.26
2023-08-30,Paddy,Kathua,4.61,112.05,2094.26
2025-02-15,Wheat,Jammu,27.02,119.17,2167.08
2024-07-18,Mustard,Kathua,17.57,26.55,5731.8
2025-06-16,Apple,Poonch,11.95,10.0,7519.72
2023-04-02,Wheat,Poonch,12.53,109.7,2067.66
2025-08-13,Wheat,Jammu,6.19,59.92,2245.07
2024-05-23,Maize,Rajouri,25.38,45.63,2076.23
2025-02-14,Apple,Udhampur,11.86,11.81,7551.68
2023-02-04,Paddy,Kathua,13.06,85.64,2097.47
2023-07-25,Mustard,Poonch,19.78,129.16,5450.12
2026-01-09,Paddy,Rajouri,3.2,144.07,1984.53
2025-10-22,Apple,Jammu,16.45,89.2,7517.67
2025-10-18,Wheat,Poonch,2.17,82.02,2181.1
2024-07-19,Wheat,Jammu,4.24,21.91,2253.11
2026-02-03,Apple,Kathua,4.09,86.84,7431.22
2024-12-03,Wheat,Udhampur,38.41,63.2,2312.59
2024-02-06,Wheat,Poonch,19.42,95.0,2204.07
2024-12-30,Wheat,Poonch,12.08,64.42,2167.9
2023-06-11,Mustard,Kathua,12.98,43.64,5636.6
2023-07-21,Mustard,Rajouri,8.26,23.3,5688.08
2025-09-22,Maize,Udhampur,29.39,54.09,2065.29
2023-09-27,Paddy,Poonch,6.86,23.53,2233.76
2025-03-26,Apple,Udhampur,4.79,34.77,7459.05
2024-03-31,Apple,Poonch,1.78,148.23,7243.4
2025-10-13,Apple,Udhampur,15.43,72.17,7486.01
2023-10-23,Maize,Jammu,13.26,84.46,1992.84
2024-12-20,Mustard,Poonch,4.85,132.31,5501.23
2023-12-04,Maize,Udhampur,0.26,149.38,1853.63
2025-05-28,Apple,Rajouri,18.26,91.58,7418.37
2025-12-12,Paddy,Jammu,0.11,123.75,2019.94
2025-03-02,Wheat,Jammu,12.16,55.77,2243.35
2023-08-05,Mustard,Rajouri,35.15,52.8,5593.48
2025-02-02,Mustard,Udhampur,5.76,66.38,5518.41
2023-07-07,Maize,Kathua,2.68,104.15,1984.17
2024-01-15,Mustard,Rajouri,12.2,105.51,5524.83
2024-05-07,Apple,Udhampur,16.99,54.13,7449.61
2025-11-30,Apple,Rajouri,7.91,28.65,7421.2
2026-03-26,Maize,Rajouri,34.12,98.54,2002.79
2023-01-15,Apple,Poonch,0.53,27.97,7368.76
2023-03-06,Paddy,Udhampur,7.03,90.99,2064.45
2024-06-04,Maize,Kathua,12.67,107.08,1942.99
2026-02-26,Paddy,Poonch,19.85,108.09,2040.89
2024-10-09,Wheat,Rajouri,1.98,115.49,2105.04
2025-12-22,Paddy,Rajouri,16.09,132.2,2052.57
2026-03-08,Wheat,Rajouri,8.05,79.99,2274.97
2024-08-15,Wheat,Udhampur,5.05,112.23,2054.78
2024-01-27,Paddy,Udhampur,1.41,96.68,2094.66
2024-02-23,Maize,Poonch,20.05,36.13,2143.75
2023-10-16,Apple,Kathua,1.71,13.6,7450.01
2024-01-14,Apple,Poonch,3.71,49.84,7446.26
2023-08-19,Wheat,Jammu,3.43,72.02,2157.35
2025-10-14,Wheat,Rajouri,20.51,96.39,2204.4
2023-02-10,Maize,Rajouri,11.17,128.99,2000.17
2025-11-17,Mustard,Rajouri,15.93,37.47,5672.02
2023-05-15,Paddy,Poonch,2.88,27.58,2173.73
2023-07-20,Wheat,Poonch,9.8,144.89,2069.66
2025-02-18,Apple,Rajouri,8.48,25.13,7422.66
2025-07-18,Maize,Poonch,17.89,76.99,2022.38
2025-11-22,Paddy,Udhampur,23.65,91.98,2175.01
2025-12-07,Maize,Udhampur,0.12,85.79,1892.98
2024-05-17,Paddy,Poonch,11.21,22.04,2138.33
2024-02-11,Paddy,Rajouri,0.53,17.98,2163.41
2025-03-15,Wheat,Poonch,7.96,24.77,2219.01
2023-04-09,Maize,Poonch,3.39,91.98,1927.21
2024-11-14,Maize,Poonch,3.66,86.21,1953.34
2024-12-26,Apple,Jammu,4.35,42.72,7388.39
2025-08-18,Apple,Udhampur,9.71,99.29,7338.3
2024-09-04,Wheat,Kathua,4.07,124.81,2132.46
2024-10-04,Wheat,Kathua,13.19,15.82,2234.65
2025-10-25,Mustard,Jammu,5.18,79.74,5475.06
2024-05-17,Apple,Poonch,0.71,106.5,7314.17
2025-02-05,Paddy,Jammu,15.31,45.32,2196.95
2024-02-02,Maize,Jammu,3.37,53.09,2012.29
2025-05-20,Wheat,Rajouri,5.67,95.91,2128.37
2025-03-05,Maize,Udhampur,11.57,135.71,1925.46
2024-01-28,Maize,Kathua,4.04,123.39,1839.29
2023-07-26,Mustard,Poonch,0.58,91.64,5536.66
2025-11-04,Apple,Kathua,4.68,112.23,7363.89
2025-06-10,Wheat,Kathua,28.9,61.08,2257.44
2025-05-13,Maize,Udhampur,10.26,99.74,2018.49
2025-01-12,Wheat,Kathua,11.13,75.27,2146.97
2024-07-17,Paddy,Kathua,10.0,36.59,2210.87
2025-10-17,Mustard,Jammu,2.22,108.24,5501.7
2023-04-06,Paddy,Udhampur,5.42,87.91,2053.33
2024-04-29,Wheat,Rajouri,13.9,60.21,2228.27
2023-08-19,Wheat,Poonch,1.07,137.59,2067.21
2025-01-18,Apple,Kathua,3.26,12.93,7545.95
2026-04-09,Maize,Poonch,3.23,54.21,1970.57
2024-06-24,Maize,Rajouri,5.66,17.96,2046.86
2025-11-25,Paddy,Poonch,39.31,117.31,2179.46
2024-06-08,Mustard,Rajouri,0.7,108.3,5462.99
2026-03-29,Maize,Jammu,7.31,56.39,2069.33
2026-01-14,Apple,Kathua,1.98,104.59,7425.93
2024-07-31,Paddy,Rajouri,35.29,65.43,2179.7
2024-11-12,Paddy,Poonch,1.2,115.88,2043.68
2024-07-10,Apple,Kathua,5.17,73.59,7354.24
2025-10-09,Mustard,Jammu,13.39,67.72,5625.23
2024-10-07,Apple,Kathua,12.19,140.86,7336.69
2025-03-06,Mustard,Rajouri,5.49,45.12,5621.17
2025-11-17,Apple,Jammu,4.25,26.86,7444.26
2023-07-09,Apple,Poonch,5.07,91.84,7303.72
2024-09-24,Wheat,Jammu,3.07,145.71,2088.91
2024-09-19,Paddy,Jammu,2.3,62.9,2003.16
2025-08-30,Apple,Udhampur,6.6,18.69,7478.8
2024-12-10,Apple,Jammu,3.13,57.5,7466.12
2024-10-10,Maize,Jammu,3.39,80.83,1988.24
2023-11-14,Paddy,Kathua,10.69,32.67,2255.88
2024-11-14,Maize,Poonch,34.59,102.13,2093.62
2024-10-25,Paddy,Kathua,9.25,149.68,1958.65
2026-02-10,Maize,Kathua,0.8,73.24,1983.93
2024-03-17,Apple,Rajouri,0.79,59.66,7410.91
2024-07-17,Apple,Kathua,30.25,66.1,7426.45
2026-02-10,Wheat,Udhampur,3.53,26.12,2204.8
2025-08-09,Maize,Udhampur,0.97,133.66,1867.38
2026-01-09,Mustard,Rajouri,9.14,68.08,5485.5
2024-11-29,Wheat,Poonch,9.77,64.22,2212.07
2023-04-23,Maize,Poonch,10.46,102.36,1958.72
2023-01-02,Maize,Kathua,3.11,71.88,1916.85
2024-10-03,Wheat,Kathua,0.15,100.75,2142.54
2023-08-08,Apple,Kathua,33.53,18.6,7611.61
2025-05-04,Maize,Poonch,2.89,123.92,1923.58
2024-01-20,Apple,Jammu,11.27,141.67,7308.98
2026-02-27,Wheat,Udhampur,12.26,100.83,2189.6
2025-12-12,Apple,Jammu,9.42,143.64,7345.29
2024-12-30,Paddy,Jammu,3.75,31.2,2162.03
2023-09-04,Mustard,Poonch,3.16,76.84,5507.74
2025-04-15,Maize,Jammu,9.1,94.25,1990.19
2023-07-22,Mustard,Rajouri,20.11,91.44,5630.99
2023-05-03,Apple,Kathua,29.32,66.2,7467.68
2024-02-05,Maize,Rajouri,1.12,57.33,2102.0
2025-02-05,Apple,Udhampur,1.68,27.76,7440.08
2023-10-21,Paddy,Kathua,28.96,64.84,2179.87
2023-10-07,Wheat,Jammu,13.34,32.77,2238.27
2025-06-02,Maize,Udhampur,21.46,112.81,1999.5
2023-07-17,Paddy,Kathua,2.26,39.24,2052.97
2025-09-08,Paddy,Jammu,8.86,18.2,2159.48
2025-01-21,Maize,Rajouri,12.08,87.33,1948.52
2023-05-24,Apple,Kathua,11.4,93.33,7402.58
2024-08-31,Paddy,Jammu,5.25,132.07,2046.45
2026-02-21,Mustard,Rajouri,0.16,90.78,5543.41
2023-07-06,Paddy,Udhampur,8.74,58.37,2016.69
2024-04-08,Apple,Udhampur,2.92,122.42,7417.61
2024-10-21,Apple,Udhampur,5.98,85.64,7403.96
2025-02-02,Mustard,Udhampur,31.6,21.1,5684.53
2025-08-12,Paddy,Poonch,5.09,89.22,2072.53
2024-02-07,Apple,Kathua,18.31,137.12,7360.84
2023-05-27,Maize,Kathua,2.09,65.48,1968.46
2026-03-17,Wheat,Poonch,11.16,51.49,2242.38
2025-05-13,Wheat,Jammu,37.73,30.09,2323.26
2024-05-03,Wheat,Jammu,1.07,31.2,2213.43
2025-07-17,Paddy,Udhampur,0.08,70.59,2046.49
2024-07-04,Mustard,Rajouri,5.68,93.4,5463.61
2023-12-04,Apple,Jammu,0.97,21.29,7477.73
2025-05-21,Maize,Rajouri,13.8,141.54,1948.19
2024-10-02,Maize,Kathua,24.6,115.72,2018.31
2024-04-17,Paddy,Rajouri,5.69,92.13,2099.91
2023-05-31,Wheat,Kathua,2.99,125.98,2110.19
2023-09-20,Paddy,Poonch,5.7,21.23,2145.42
2023-05-24,Mustard,Poonch,12.85,76.76,5613.76
2023-12-12,Mustard,Udhampur,0.09,98.21,5441.88
2024-09-15,Apple,Jammu,8.9,126.01,7298.93
2025-10-13,Apple,Udhampur,9.5,119.69,7307.48
2025-05-30,Mustard,Kathua,10.15,48.79,5657.9
2023-01-02,Mustard,Udhampur,2.77,141.72,5488.71
2025-06-15,Mustard,Rajouri,12.52,27.41,5670.88
2023-09-11,Paddy,Kathua,0.96,132.52,2035.53
2024-03-28,Mustard,Poonch,2.22,145.93,5398.64
2025-11-26,Maize,Jammu,20.99,34.8,2120.65
2026-03-29,Wheat,Kathua,13.42,111.09,2145.68
2025-10-11,Mustard,Kathua,0.14,15.64,5665.1
2023-01-09,Wheat,Rajouri,2.86,66.76,2178.83
2026-01-27,Paddy,Jammu,2.41,82.28,2049.97
2025-03-26,Wheat,Poonch,3.16,91.29,2172.52
2023-07-27,Paddy,Kathua,2.84,141.03,2019.97
2026-02-28,Maize,Kathua,0.65,104.12,1905.82
2024-02-08,Paddy,Rajouri,6.14,77.38,2083.83
2023-06-01,Paddy,Udhampur,13.2,123.35,1992.59
2023-02-23,Apple,Poonch,9.33,143.07,7202.84
2026-02-17,Mustard,Jammu,11.17,13.09,5675.13
2024-09-19,Mustard,Kathua,0.85,147.55,5458.8
2024-08-09,Maize,Kathua,30.26,22.06,2165.54
2023-04-14,Maize,Poonch,18.23,124.01,1874.59
2023-09-11,Mustard,Udhampur,16.35,49.25,5612.66
2026-02-09,Apple,Kathua,17.32,28.51,7412.83
2024-05-24,Mustard,Poonch,26.99,71.58,5690.63
2023-04-09,Apple,Rajouri,7.86,100.15,7326.05
2023-06-02,Maize,Udhampur,2.23,63.33,2058.63
2025-07-02,Wheat,Jammu,9.59,17.64,2321.79
2025-05-27,Maize,Kathua,13.58,93.92,1952.05
2023-12-04,Maize,Poonch,13.39,136.34,1877.36
2025-04-01,Paddy,Rajouri,7.37,63.65,2126.88
2026-04-01,Paddy,Jammu,0.71,40.29,2086.84
2025-08-14,Paddy,Poonch,4.64,71.96,2094.52
2023-06-10,Paddy,Poonch,25.35,16.77,2217.24
2025-03-11,Apple,Jammu,8.78,124.87,7260.64
2024-02-02,Mustard,Rajouri,7.73,125.69,5385.83
2025-03-26,Wheat,Rajouri,3.13,92.32,2156.74
2026-03-04,Maize,Udhampur,4.6,59.43,1990.3
2024-02-05,Apple,Kathua,22.57,121.97,7364.38
2024-10-01,Wheat,Jammu,10.98,87.66,2209.96
2025-11-22,Apple,Jammu,15.48,125.63,7413.9
2024-11-18,Apple,Jammu,6.06,98.4,7359.53
2024-04-04,Maize,Rajouri,9.95,119.82,1926.78
2025-08-12,Mustard,Kathua,2.86,93.8,5540.96
2024-04-14,Paddy,Udhampur,12.22,67.98,2059.07
2025-11-11,Mustard,Poonch,5.58,144.11,5461.73
2025-01-19,Maize,Poonch,5.84,85.76,2004.88
2023-02-07,Maize,Jammu,10.48,94.71,2012.08
2023-08-18,Maize,Kathua,27.53,40.87,2029.64
2024-07-16,Wheat,Rajouri,0.66,97.59,2096.47
2024-03-13,Mustard,Kathua,17.42,90.03,5531.18
2023-01-27,Mustard,Kathua,3.46,35.88,5611.75
2023-08-14,Apple,Rajouri,5.87,18.34,7512.91
2025-03-08,Apple,Jammu,0.22,94.61,7426.14
2023-10-11,Apple,Kathua,3.58,116.92,7313.8
2025-05-28,Maize,Poonch,6.98,83.28,1965.03
2025-08-17,Mustard,Rajouri,0.58,41.75,5640.97
2024-03-28,Maize,Udhampur,6.75,103.31,1969.98
2025-10-16,Wheat,Jammu,26.19,21.21,2384.04
2025-03-26,Apple,Rajouri,1.11,71.86,7408.75
2024-10-20,Maize,Udhampur,14.46,32.87,2034.9
2024-06-30,Maize,Udhampur,5.27,35.82,1993.14
2025-12-08,Wheat,Kathua,10.65,38.32,2181.78
2023-01-17,Paddy,Kathua,3.01,64.14,2126.21
2026-04-10,Mustard,Kathua,1.74,17.16,5683.31
2023-06-07,Paddy,Rajouri,1.75,65.69,2173.29
2024-04-21,Apple,Rajouri,0.73,81.64,7417.82
2025-12-05,Maize,Jammu,2.05,77.66,2032.4
2024-06-01,Wheat,Kathua,10.91,63.59,2188.43
2023-04-09,Wheat,Udhampur,21.34,127.48,2100.03
2025-11-26,Mustard,Poonch,16.83,30.35,5696.58
2023-10-07,Paddy,Jammu,11.56,80.8,2117.59
2024-05-11,Mustard,Rajouri,1.17,18.69,5630.54
2023-10-29,Maize,Jammu,3.41,19.96,2088.4
2023-06-30,Mustard,Jammu,3.71,90.34,5540.91
2024-08-29,Wheat,Jammu,2.88,89.24,2208.13
2026-01-27,Wheat,Jammu,7.24,132.92,2157.06
2024-11-30,Apple,Poonch,7.67,88.1,7416.88
2025-09-19,Apple,Kathua,4.41,144.37,7335.62
2026-02-13,Maize,Udhampur,4.37,16.82,2101.89
2023-07-10,Paddy,Jammu,17.63,23.72,2183.08
2023-09-10,Mustard,Jammu,15.57,16.17,5709.61
2025-09-07,Maize,Jammu,3.68,35.94,1985.11
2025-07-16,Apple,Kathua,24.51,85.78,7497.19
2026-03-30,Mustard,Rajouri,30.54,100.38,5543.4
2023-05-08,Apple,Rajouri,3.96,16.38,7500.96
2023-01-18,Mustard,Poonch,4.38,142.44,5412.32
2024-07-19,Paddy,Rajouri,7.04,127.9,2038.58
2024-07-23,Maize,Jammu,28.32,51.53,2101.8
2024-11-16,Mustard,Jammu,20.9,20.81,5613.9
2024-09-17,Wheat,Jammu,1.08,33.78,2246.72
2025-05-03,Wheat,Poonch,4.99,27.77,2223.31
2025-08-19,Mustard,Jammu,8.06,27.26,5674.55
2023-06-04,Mustard,Rajouri,6.99,82.6,5548.53
2024-05-04,Mustard,Kathua,2.16,44.42,5608.08
2025-02-23,Wheat,Kathua,19.58,60.14,2204.36
2026-02-01,Wheat,Udhampur,11.3,148.53,2061.85
2023-09-03,Mustard,Rajouri,18.2,105.8,5528.9
2026-04-14,Apple,Jammu,19.57,142.86,7386.89
2025-11-28,Apple,Kathua,13.8,29.96,7574.7
2025-01-28,Paddy,Rajouri,5.78,63.5,2070.01
2024-06-21,Maize,Kathua,9.43,87.66,2037.14
2025-07-09,Apple,Jammu,1.75,20.75,7376.84
2024-02-12,Wheat,Kathua,11.2,10.59,2241.22
2024-06-08,Apple,Udhampur,1.98,103.86,7307.4
2025-04-07,Paddy,Udhampur,11.84,99.85,2010.25
2025-06-21,Paddy,Kathua,2.61,67.51,2018.83
2023-02-05,Maize,Rajouri,1.25,78.55,1994.76
2024-11-15,Apple,Rajouri,1.81,68.16,7393.92
2023-01-20,Wheat,Rajouri,0.02,13.36,2272.1
2023-11-17,Wheat,Kathua,12.68,56.95,2261.22
2024-05-26,Mustard,Rajouri,13.18,34.79,5651.94
2024-02-04,Wheat,Jammu,7.23,23.78,2292.07
2024-10-15,Maize,Udhampur,1.76,143.94,1876.59
2025-08-29,Maize,Jammu,0.87,93.91,1898.5
2024-04-15,Wheat,Rajouri,0.19,112.01,2155.19
2026-03-12,Wheat,Jammu,1.81,54.15,2173.06
2026-01-20,Mustard,Rajouri,22.15,65.04,5581.22
2025-04-13,Wheat,Kathua,2.76,43.17,2211.07
2024-12-27,Mustard,Jammu,4.37,23.58,5587.54
2025-05-03,Mustard,Kathua,1.11,35.06,5582.18
2023-02-20,Wheat,Kathua,2.51,121.65,2116.04
2024-07-28,Paddy,Poonch,7.32,104.86,2064.81
2026-02-22,Paddy,Rajouri,9.36,86.57,2042.69
2023-05-30,Mustard,Udhampur,2.82,76.51,5522.31
2023-11-10,Wheat,Rajouri,0.59,139.14,2116.52
2024-07-23,Paddy,Udhampur,4.96,20.18,2190.94
2023-11-01,Wheat,Rajouri,2.67,49.28,2303.0
2024-11-12,Wheat,Kathua,2.48,58.99,2247.56
2025-04-17,Wheat,Jammu,32.15,119.54,2250.06
2025-12-13,Apple,Jammu,9.58,148.95,7244.78
2025-09-29,Wheat,Poonch,8.14,43.69,2269.89
2024-03-19,Apple,Udhampur,5.37,132.4,7316.19
2024-09-04,Mustard,Udhampur,5.6,126.29,5453.69
2025-09-19,Paddy,Udhampur,7.78,41.45,2153.28
2023-09-21,Paddy,Kathua,11.92,65.91,2164.81
2025-12-12,Paddy,Udhampur,12.11,67.35,2143.26
2025-09-30,Paddy,Jammu,1.88,146.95,1929.06
2023-01-05,Paddy,Kathua,6.93,35.32,2185.61
2026-01-31,Paddy,Rajouri,5.31,121.88,1988.48
2025-02-12,Paddy,Udhampur,20.44,56.79,2172.97
2025-05-26,Mustard,Udhampur,9.98,112.32,5499.81
2025-09-18,Wheat,Rajouri,7.6,68.8,2186.27
2025-06-02,Maize,Udhampur,1.23,90.97,1991.96
2023-02-16,Apple,Rajouri,9.3,126.57,7293.1
2025-05-16,Maize,Kathua,1.25,122.58,1997.66
2025-04-02,Maize,Jammu,4.11,131.3,1824.25
2025-07-24,Wheat,Rajouri,1.54,18.35,2225.51
2024-10-17,Wheat,Poonch,11.78,106.89,2169.02
2023-09-26,Wheat,Rajouri,2.31,29.6,2264.29
2024-01-05,Paddy,Udhampur,4.97,68.21,2092.07
2024-09-27,Mustard,Kathua,22.6,86.8,5589.54
2026-02-03,Paddy,Kathua,2.29,66.38,2109.23
2024-10-18,Mustard,Rajouri,7.09,82.75,5538.16
2023-04-30,Mustard,Jammu,5.43,149.51,5505.8
2025-04-10,Maize,Poonch,0.18,28.93,2084.95
2025-12-17,Maize,Kathua,15.74,104.56,2022.81
2025-01-10,Mustard,Udhampur,0.72,65.44,5510.67
2023-04-27,Mustard,Udhampur,6.43,28.62,5624.07
2025-03-01,Paddy,Jammu,8.23,32.22,2147.49
2026-02-24,Paddy,Kathua,9.9,142.9,1955.08
2025-10-09,Maize,Rajouri,11.67,133.14,1943.84
2025-12-17,Wheat,Udhampur,2.92,136.99,2054.66
2024-09-25,Mustard,Jammu,0.1,148.81,5456.6
2024-05-27,Paddy,Kathua,12.85,39.16,2117.22
2025-03-12,Maize,Kathua,7.67,59.76,2102.26
2026-01-24,Paddy,Kathua,18.09,103.69,2045.02
2026-02-15,Mustard,Kathua,17.23,77.73,5598.41
2024-07-13,Mustard,Kathua,18.54,68.57,5642.11
2024-05-02,Apple,Udhampur,6.64,60.09,7405.43
2025-06-15,Wheat,Jammu,4.06,93.13,2186.66
2024-12-04,Apple,Kathua,15.68,90.58,7358.99
2024-08-03,Maize,Poonch,6.0,32.6,2125.65
2025-02-28,Paddy,Poonch,2.03,76.04,2076.07
2025-05-10,Maize,Jammu,19.31,87.49,1993.72
2023-09-04,Mustard,Rajouri,21.42,89.84,5570.32
2026-01-04,Apple,Rajouri,6.28,39.42,7497.37
2023-06-03,Apple,Rajouri,0.79,113.92,7305.35
2025-09-23,Apple,Poonch,4.91,13.53,7461.7
2026-01-14,Maize,Rajouri,16.27,59.68,2042.57
2024-11-27,Mustard,Udhampur,23.2,119.23,5492.43
2025-12-28,Paddy,Kathua,2.27,88.95,2138.76
2025-12-06,Paddy,Poonch,0.69,46.56,2089.88
2025-10-05,Maize,Jammu,20.98,107.29,2033.62
2023-04-04,Apple,Jammu,4.93,89.43,7391.06
2025-08-15,Wheat,Kathua,7.8,121.47,2073.45
2025-10-08,Maize,Poonch,34.44,112.9,2030.59
2024-03-28,Maize,Rajouri,0.69,95.42,1984.36
2025-06-30,Mustard,Rajouri,10.45,78.34,5557.46
2023-08-06,Paddy,Udhampur,0.77,28.65,2196.18
2024-04-18,Maize,Udhampur,4.71,46.59,2081.16
2024-03-07,Maize,Rajouri,16.29,68.67,2080.47
2023-12-07,Apple,Jammu,5.68,93.9,7356.64
2024-07-04,Apple,Jammu,58.72,81.92,7516.43
2023-12-23,Wheat,Udhampur,8.19,50.35,2198.07
2023-01-23,Mustard,Kathua,3.87,10.91,5654.85
2024-06-05,Wheat,Rajouri,2.49,79.47,2188.32
2026-01-28,Apple,Udhampur,4.32,49.99,7341.12
2025-03-12,Paddy,Udhampur,4.66,112.85,2028.27
2025-01-31,Apple,Rajouri,0.71,13.35,7489.36
2024-03-17,Mustard,Rajouri,4.61,91.88,5514.44
2025-02-07,Apple,Jammu,6.24,141.81,7365.36
2025-10-12,Mustard,Kathua,12.83,34.42,5658.41
2024-05-30,Mustard,Kathua,10.69,76.03,5629.12
2025-11-05,Mustard,Rajouri,12.34,22.8,5645.57
2025-03-02,Mustard,Poonch,0.08,97.6,5546.04
2023-12-02,Mustard,Udhampur,2.45,87.07,5600.81
2023-09-15,Paddy,Udhampur,10.84,67.03,2176.17
2024-05-11,Wheat,Rajouri,6.62,82.99,2122.55
2025-06-14,Maize,Poonch,0.05,135.52,1875.46
2023-06-09,Wheat,Jammu,16.32,37.48,2255.47
2025-05-01,Mustard,Rajouri,14.82,13.16,5699.7
2024-11-20,Paddy,Rajouri,7.95,130.63,2043.38
2024-01-15,Apple,Udhampur,0.69,90.8,7328.26
2025-08-14,Paddy,Rajouri,14.55,134.69,2030.58
2024-11-21,Mustard,Rajouri,8.76,93.57,5446.78
2026-04-06,Paddy,Rajouri,15.23,123.42,2111.49
2025-12-02,Paddy,Udhampur,13.93,70.15,2099.29
2023-10-12,Mustard,Jammu,16.25,114.98,5532.04
2024-02-01,Paddy,Jammu,7.3,137.83,1985.68
2023-01-12,Maize,Rajouri,1.51,90.1,2011.25
2024-05-13,Maize,Udhampur,11.12,35.31,1944.93
2025-01-23,Paddy,Jammu,9.69,47.63,2141.82
2023-02-04,Apple,Jammu,13.56,37.81,7481.92
2024-12-27,Mustard,Jammu,1.86,44.56,5568.7
2025-04-28,Maize,Udhampur,2.17,52.9,2095.27
2023-03-31,Apple,Udhampur,22.11,87.72,7399.24
2025-02-14,Paddy,Rajouri,13.86,92.32,2123.6
2024-08-27,Apple,Kathua,23.88,69.71,7487.88
2025-08-27,Wheat,Jammu,14.22,96.16,2233.03
2025-10-18,Maize,Kathua,9.09,21.42,2056.93
2024-02-22,Paddy,Udhampur,10.62,22.29,2150.57
2023-04-25,Mustard,Udhampur,21.99,34.06,5718.6
2024-09-08,Paddy,Udhampur,8.65,82.53,2106.02
2025-04-05,Mustard,Kathua,10.01,39.96,5552.57
2026-01-03,Paddy,Udhampur,1.7,49.66,2089.68
2024-02-17,Apple,Rajouri,6.42,66.04,7438.87
2024-12-29,Apple,Udhampur,12.6,123.66,7392.53
2025-10-17,Apple,Poonch,3.16,11.94,7461.64
2025-01-30,Wheat,Kathua,2.26,100.91,1999.73
2024-11-06,Mustard,Poonch,3.77,103.64,5530.15
2024-04-01,Apple,Udhampur,2.76,121.81,7271.2
2025-07-08,Wheat,Rajouri,2.42,140.59,1981.08
2023-07-11,Mustard,Jammu,5.53,12.82,5521.01
2025-01-08,Paddy,Udhampur,23.84,31.53,2248.62
2026-01-27,Wheat,Rajouri,7.07,134.06,2102.32
2025-09-04,Maize,Kathua,2.08,74.19,1975.22
2025-10-05,Wheat,Poonch,0.8,89.04,2206.51
2023-04-06,Wheat,Poonch,11.91,102.82,2187.56
2024-10-24,Mustard,Poonch,4.83,105.07,5580.58
2023-02-06,Paddy,Kathua,17.25,140.44,1964.87
2023-10-06,Maize,Rajouri,10.77,149.57,1898.55
2023-08-05,Apple,Kathua,15.91,110.82,7311.93
2025-05-16,Apple,Poonch,3.17,50.21,7424.51
2025-05-22,Wheat,Udhampur,11.79,133.17,2101.79
2023-03-03,Mustard,Jammu,3.07,16.89,5662.69
2024-08-18,Mustard,Kathua,27.98,42.35,5678.06
2024-12-29,Apple,Kathua,10.12,135.63,7356.99
2024-02-01,Maize,Rajouri,3.92,45.87,2065.39
2024-11-29,Paddy,Rajouri,3.14,40.89,2228.68
2025-11-08,Maize,Kathua,2.12,29.34,2038.59
2023-06-26,Paddy,Poonch,11.86,130.28,1983.19
2024-01-31,Apple,Jammu,2.47,80.01,7398.96
2024-03-20,Paddy,Rajouri,9.05,104.49,2019.12
2023-03-17,Mustard,Poonch,3.07,43.47,5661.31
2023-09-22,Wheat,Udhampur,10.85,116.13,2122.78
2024-03-30,Wheat,Rajouri,16.87,116.4,2128.93
2024-12-18,Apple,Poonch,15.05,53.76,7446.31
2025-01-04,Mustard,Poonch,14.31,67.5,5626.87
2025-04-30,Maize,Jammu,2.08,39.36,2030.52
2023-05-24,Mustard,Jammu,0.93,146.72,5404.02
2025-06-03,Wheat,Udhampur,12.0,100.38,2237.77
2025-12-28,Wheat,Poonch,4.59,140.84,2039.9
2026-01-27,Mustard,Poonch,5.66,52.47,5591.01
2024-01-31,Mustard,Jammu,0.32,119.46,5501.19
2025-11-14,Wheat,Rajouri,3.01,117.22,2035.39
2025-08-05,Maize,Rajouri,0.34,106.83,1952.45
2025-06-09,Apple,Kathua,21.14,145.19,7302.38
2026-03-20,Apple,Jammu,2.79,65.1,7448.3
2026-03-13,Mustard,Kathua,8.15,28.3,5590.31
2024-07-22,Apple,Jammu,0.4,104.04,7376.39
2025-11-28,Wheat,Udhampur,10.99,112.1,2191.78
2023-04-19,Wheat,Poonch,3.9,90.51,2190.48
2025-12-01,Mustard,Udhampur,22.82,38.95,5675.91
2025-07-23,Mustard,Jammu,21.9,80.62,5588.74
2024-02-02,Mustard,Poonch,3.93,53.71,5556.07
2024-09-25,Maize,Rajouri,23.12,69.85,2125.41
2026-03-02,Apple,Rajouri,55.62,100.33,7496.01
2026-04-01,Mustard,Kathua,17.45,114.33,5487.68
2025-01-02,Paddy,Jammu,18.64,42.51,2208.82
2023-08-23,Paddy,Jammu,2.86,66.75,2056.2
2024-10-19,Wheat,Rajouri,8.6,47.68,2188.25
2025-01-20,Apple,Udhampur,0.7,37.81,7380.56
2024-08-10,Mustard,Poonch,1.0,119.67,5451.96
2025-10-29,Paddy,Udhampur,68.06,137.3,2191.12
2026-01-02,Apple,Udhampur,3.95,61.83,7430.83
2025-08-11,Wheat,Rajouri,13.79,115.18,2189.17
2024-05-06,Maize,Rajouri,16.43,135.58,1962.92
2025-07-01,Apple,Rajouri,19.52,128.46,7361.18
2026-04-12,Apple,Kathua,60.44,35.59,7631.1
2026-04-06,Maize,Udhampur,2.76,143.88,1905.97
2023-06-19,Apple,Jammu,0.41,62.73,7464.48
2025-08-03,Wheat,Poonch,5.3,57.49,2211.41
2025-03-05,Wheat,Kathua,1.39,18.74,2230.23
2024-09-25,Maize,Jammu,0.23,78.06,1928.97
2023-01-29,Mustard,Udhampur,4.47,25.26,5561.38
2026-04-03,Paddy,Rajouri,15.31,44.8,2194.77
2023-12-05,Mustard,Udhampur,8.35,54.37,5621.17
2024-05-14,Apple,Poonch,3.75,123.24,7353.12
2024-05-25,Paddy,Kathua,10.62,132.57,2012.34
2023-08-05,Maize,Kathua,2.64,52.35,2083.24
2026-03-01,Maize,Poonch,0.14,130.22,1873.33
2025-12-29,Paddy,Jammu,14.45,130.01,2077.21
2024-03-20,Wheat,Jammu,9.77,117.05,2128.95
2025-05-25,Paddy,Kathua,14.37,30.54,2155.8
2023-06-16,Apple,Kathua,0.4,106.65,7367.97
2023-04-01,Wheat,Rajouri,18.15,142.3,2138.06
2024-12-14,Maize,Jammu,9.66,105.56,1978.64
2023-02-08,Paddy,Poonch,8.29,56.43,2128.54
2026-02-23,Mustard,Jammu,9.8,80.08,5559.53
2023-06-22,Mustard,Rajouri,19.98,100.4,5670.81
2024-10-14,Apple,Kathua,8.84,81.48,7459.36
2025-01-23,Mustard,Kathua,8.7,26.79,5670.18
2025-12-17,Paddy,Rajouri,46.76,53.69,2257.13
2024-04-20,Paddy,Poonch,14.14,122.34,2090.06
2024-03-31,Mustard,Kathua,5.84,130.6,5496.1
2025-04-08,Paddy,Udhampur,12.29,29.22,2179.68
2025-06-13,Apple,Kathua,4.93,143.33,7287.12
2025-10-21,Wheat,Udhampur,2.6,56.04,2195.62
2024-01-22,Apple,Rajouri,9.08,102.72,7232.31
2023-12-14,Apple,Rajouri,26.34,115.26,7420.88
2023-07-09,Paddy,Kathua,26.47,123.67,2060.22
2024-05-19,Wheat,Jammu,4.18,142.4,2146.45
2025-04-03,Paddy,Udhampur,7.5,53.81,2127.16
2025-07-17,Maize,Poonch,2.38,130.19,1848.83
2025-07-22,Paddy,Kathua,54.33,28.44,2311.95
2026-02-14,Paddy,Poonch,39.7,108.71,2099.9
2023-05-14,Paddy,Kathua,10.48,113.88,2067.02
2023-02-27,Wheat,Jammu,16.32,104.88,2183.0
2024-11-15,Paddy,Jammu,12.56,45.32,2198.31
2024-11-02,Wheat,Jammu,8.99,132.23,2069.83
2023-06-22,Mustard,Jammu,0.55,33.64,5602.83
2025-03-25,Maize,Rajouri,6.07,17.51,2021.73
2026-03-18,Wheat,Rajouri,11.23,110.45,2176.83
2023-03-21,Mustard,Udhampur,11.32,76.57,5594.72
2025-06-04,Wheat,Poonch,4.67,128.87,2118.95
2023-07-22,Wheat,Kathua,28.42,63.68,2270.5
2025-02-02,Maize,Kathua,1.83,33.56,2064.18
2023-02-16,Apple,Rajouri,6.94,127.1,7403.75
2026-03-12,Apple,Kathua,11.74,86.85,7394.46
2024-10-17,Wheat,Rajouri,11.94,36.49,2264.71
2024-04-15,Paddy,Udhampur,10.46,110.85,2001.32
2025-08-28,Mustard,Poonch,3.22,81.56,5498.89
2025-11-01,Paddy,Udhampur,1.7,94.6,2050.94
2025-01-05,Paddy,Jammu,10.1,74.53,2153.2
2025-02-22,Wheat,Jammu,9.15,126.02,2103.72
2025-08-25,Wheat,Jammu,1.98,126.14,2081.51
2023-12-24,Wheat,Udhampur,12.21,109.31,2131.8
2025-08-29,Wheat,Kathua,6.07,24.76,2233.22
2024-10-29,Apple,Poonch,11.02,127.44,7357.38
2024-01-08,Wheat,Jammu,18.16,103.94,2109.83
2025-10-28,Apple,Jammu,1.86,107.58,7402.22
2026-02-19,Apple,Jammu,0.19,60.82,7379.43
2024-11-06,Wheat,Poonch,15.1,133.1,2156.16
2023-03-31,Maize,Jammu,9.41,111.55,1895.64
2024-11-28,Mustard,Poonch,12.03,25.76,5679.95
2024-06-23,Paddy,Jammu,18.21,67.09,2170.87
2025-01-01,Apple,Udhampur,16.24,134.09,7368.12
2025-05-18,Mustard,Udhampur,32.42,16.61,5684.08
2023-02-10,Maize,Poonch,7.68,144.6,1908.91
2025-01-09,Paddy,Udhampur,6.7,105.08,1993.58
2024-05-16,Paddy,Poonch,5.14,98.39,2040.49
2025-08-16,Apple,Udhampur,1.67,47.88,7479.85
2026-03-14,Wheat,Udhampur,8.5,44.83,2270.81
2025-07-17,Maize,Poonch,3.24,141.89,1888.22
2024-04-05,Apple,Kathua,25.42,51.76,7459.84
2025-01-01,Maize,Udhampur,8.75,118.57,1969.2
2025-01-21,Wheat,Jammu,8.99,65.04,2207.08
2025-07-13,Wheat,Kathua,4.38,29.5,2140.35
2025-06-27,Apple,Poonch,0.53,11.5,7519.66
2024-01-25,Wheat,Kathua,0.32,86.2,2145.63
2025-06-01,Mustard,Rajouri,5.5,146.61,5501.8
2023-09-13,Paddy,Rajouri,0.88,61.68,2044.01
2024-12-09,Apple,Udhampur,9.34,60.01,7296.92
2024-03-25,Maize,Udhampur,21.28,58.17,2083.4
2023-01-10,Mustard,Jammu,21.45,82.88,5607.44
2025-04-03,Apple,Kathua,10.76,71.69,7350.82
2025-03-08,Wheat,Rajouri,2.37,133.19,2038.77
2025-05-26,Wheat,Udhampur,19.88,80.77,2341.45
2025-10-25,Wheat,Kathua,21.72,81.09,2209.12
2026-02-16,Wheat,Udhampur,2.19,29.37,2270.85
2025-10-12,Maize,Udhampur,13.37,147.58,1882.13
2024-01-09,Mustard,Rajouri,3.38,45.0,5499.25
2025-12-24,Paddy,Rajouri,16.23,20.27,2196.87
2023-05-26,Maize,Udhampur,58.92,102.84,2112.33
2023-08-12,Maize,Poonch,0.3,93.35,1932.94
2023-06-26,Paddy,Udhampur,22.77,68.12,2148.53
2025-05-02,Paddy,Udhampur,9.75,69.11,2122.43
2023-03-04,Wheat,Jammu,36.26,119.91,2204.41
2025-04-06,Maize,Jammu,6.26,37.4,1997.05
2025-03-05,Apple,Jammu,18.8,124.84,7394.78
2024-11-19,Paddy,Poonch,0.64,100.82,1946.1
2023-04-15,Paddy,Poonch,4.08,68.66,2000.8
2026-01-27,Mustard,Udhampur,0.69,74.12,5574.29
2024-05-25,Apple,Jammu,37.03,45.93,7572.42
2024-01-20,Apple,Poonch,16.98,115.3,7378.8
2024-02-09,Paddy,Rajouri,19.14,81.8,2058.75
2025-04-02,Wheat,Udhampur,27.8,54.92,2249.72
2024-06-01,Mustard,Kathua,0.89,93.45,5500.85
2024-04-20,Apple,Udhampur,4.87,149.4,7219.67
2024-12-09,Paddy,Kathua,0.74,70.94,2045.7
2025-02-09,Apple,Jammu,2.37,138.9,7328.59
2025-11-12,Mustard,Kathua,2.61,58.3,5635.13
2025-09-23,Mustard,Jammu,6.33,17.66,5624.89
2024-11-07,Maize,Rajouri,3.13,38.59,2076.17
2024-12-14,Paddy,Kathua,1.06,68.62,1997.33
2023-03-24,Mustard,Udhampur,1.83,40.75,5624.41
2026-03-14,Maize,Jammu,1.59,10.03,2043.87
2026-01-13,Maize,Udhampur,36.15,138.1,2012.36
2026-01-06,Apple,Poonch,14.24,128.14,7342.21
2024-04-01,Apple,Jammu,34.35,113.92,7498.46
2023-01-01,Maize,Kathua,5.79,33.49,2018.94
2023-02-20,Apple,Jammu,3.26,26.85,7498.4
2024-11-15,Mustard,Udhampur,16.01,19.46,5659.46
2024-12-17,Wheat,Rajouri,3.95,111.36,2113.48
2024-03-24,Mustard,Jammu,3.56,140.03,5443.07
2025-05-30,Maize,Kathua,2.65,70.28,1955.0
2024-05-02,Maize,Poonch,1.39,26.68,2053.79
2023-02-03,Mustard,Rajouri,2.96,81.73,5534.06
2023-04-05,Apple,Poonch,4.39,58.84,7436.64
2025-12-31,Apple,Jammu,11.21,62.48,7445.95
2023-06-03,Maize,Udhampur,0.65,96.99,1982.5
2023-09-07,Paddy,Udhampur,2.36,110.62,2066.18
2024-11-04,Apple,Kathua,16.56,25.48,7467.49
2024-03-13,Mustard,Udhampur,1.59,14.98,5671.71
2023-04-28,Apple,Rajouri,4.2,149.21,7236.24
2025-02-09,Mustard,Udhampur,20.0,42.58,5676.58
2023-09-25,Maize,Kathua,1.68,17.54,2096.95
2025-12-13,Apple,Jammu,0.86,36.58,7361.87
2023-08-24,Mustard,Jammu,6.63,15.45,5652.23
2024-01-24,Maize,Udhampur,3.6,64.85,1983.16
2025-09-16,Paddy,Poonch,8.29,122.34,1991.87
2025-02-01,Mustard,Jammu,16.29,57.77,5676.26
2024-02-05,Paddy,Udhampur,1.48,72.19,2050.04
2024-09-15,Paddy,Kathua,8.69,104.58,2017.65
2025-02-05,Wheat,Udhampur,7.04,81.25,2179.06
2025-07-07,Apple,Jammu,1.56,130.6,7339.94
2025-05-02,Mustard,Kathua,9.78,131.24,5478.06
2024-07-31,Paddy,Udhampur,3.2,11.39,2228.64
2023-03-16,Wheat,Rajouri,6.69,118.93,2141.91
2024-03-10,Maize,Kathua,0.86,74.5,1882.98
2023-04-13,Mustard,Rajouri,6.15,148.44,5423.19
2025-02-02,Paddy,Poonch,3.66,77.65,2052.95
2025-01-07,Apple,Kathua,17.28,148.17,7354.61
2025-03-16,Wheat,Rajouri,0.59,115.64,1985.31
2023-04-08,Paddy,Jammu,5.42,44.8,2247.85
2025-03-08,Apple,Jammu,6.13,85.38,7415.44
2025-05-08,Paddy,Poonch,12.91,148.9,2007.66
2024-03-10,Mustard,Kathua,8.54,130.05,5535.42
2024-03-22,Mustard,Kathua,11.0,23.63,5755.22
2023-09-06,Mustard,Kathua,15.01,108.89,5573.88
2023-06-15,Wheat,Poonch,19.82,58.38,2293.55
2025-09-10,Mustard,Kathua,3.77,10.98,5651.48
2025-10-16,Apple,Jammu,7.72,66.49,7418.6
2024-06-25,Paddy,Rajouri,18.33,42.87,2155.94
2025-01-28,Maize,Jammu,45.52,124.64,2011.53
2026-02-03,Apple,Jammu,22.03,57.23,7453.74
2023-03-22,Apple,Rajouri,4.64,125.85,7265.3
2023-05-13,Mustard,Jammu,2.17,10.08,5638.41
2025-03-07,Wheat,Poonch,6.72,53.09,2141.06
2025-06-18,Paddy,Rajouri,13.53,43.76,2169.25
2023-05-18,Wheat,Jammu,6.78,42.7,2231.01
2023-07-03,Paddy,Udhampur,6.6,19.55,2181.41
2025-02-23,Paddy,Jammu,18.22,36.2,2163.51
2025-09-10,Wheat,Poonch,4.48,87.78,2296.12
2023-03-10,Apple,Kathua,19.65,50.79,7547.9
2024-06-29,Paddy,Jammu,5.22,68.44,2041.04
2023-02-22,Wheat,Kathua,3.98,62.76,2204.08
2023-07-24,Paddy,Udhampur,6.05,132.63,1976.05
2023-05-06,Maize,Jammu,14.37,136.74,1885.22
2023-02-12,Apple,Rajouri,1.35,79.01,7325.5
2023-04-21,Mustard,Kathua,2.19,56.22,5592.13
2025-01-30,Paddy,Udhampur,30.25,24.95,2211.71
2025-04-27,Maize,Rajouri,1.93,143.48,1924.51
2023-04-05,Mustard,Rajouri,8.39,18.43,5693.92
2025-06-18,Mustard,Rajouri,8.66,51.67,5662.03
2023-12-26,Paddy,Rajouri,6.73,51.73,2088.58
2025-06-18,Wheat,Jammu,10.35,54.86,2247.22
2023-10-08,Paddy,Jammu,2.61,33.0,2170.31
2024-10-28,Maize,Jammu,8.04,119.64,1914.93
2023-04-03,Mustard,Udhampur,4.65,27.15,5589.43
2024-11-02,Paddy,Udhampur,10.84,98.89,2141.78
2023-03-02,Wheat,Udhampur,1.52,27.34,2249.09
2024-09-25,Paddy,Poonch,8.46,19.87,2208.89
2025-12-10,Apple,Udhampur,2.05,137.32,7263.59
2025-10-25,Wheat,Jammu,3.27,36.62,2175.67
2024-08-26,Maize,Jammu,2.47,124.98,1884.81
2024-11-12,Mustard,Poonch,2.02,86.25,5521.51
2024-06-17,Paddy,Poonch,17.47,20.9,2159.66
2025-04-17,Wheat,Udhampur,3.36,143.76,2069.67
2024-10-06,Apple,Kathua,26.19,44.57,7440.97
2023-08-21,Wheat,Poonch,35.04,130.35,2141.2
2024-06-07,Apple,Rajouri,8.47,33.63,7506.85
2023-12-12,Maize,Jammu,1.54,129.55,1927.77
2025-12-05,Mustard,Rajouri,4.69,11.85,5629.6
2024-06-29,Maize,Jammu,15.98,81.65,1972.86
2026-01-06,Paddy,Jammu,4.58,117.72,1974.84
2026-01-01,Wheat,Poonch,0.91,140.87,2049.81
2025-03-04,Apple,Poonch,8.14,137.29,7349.12
2023-09-06,Apple,Rajouri,18.65,124.75,7414.33
2023-02-16,Wheat,Jammu,15.89,134.35,2101.98
2026-02-18,Wheat,Rajouri,1.93,37.89,2172.43
2023-08-02,Paddy,Kathua,11.17,49.79,2156.11
2023-08-27,Maize,Rajouri,2.49,50.46,1985.22
2025-12-15,Apple,Udhampur,2.46,62.79,7390.37
2023-12-16,Paddy,Rajouri,20.72,65.06,2211.35
2023-04-17,Maize,Udhampur,2.87,86.24,2007.04
2025-04-10,Paddy,Udhampur,3.06,32.38,2151.33
2023-02-17,Apple,Udhampur,0.01,106.77,7282.64
2023-12-03,Wheat,Kathua,20.45,33.46,2299.76
2025-11-15,Wheat,Rajouri,15.73,53.44,2293.0
2025-03-14,Maize,Rajouri,9.87,80.47,1983.98
2023-01-08,Mustard,Kathua,13.87,121.5,5572.93
2024-09-16,Maize,Jammu,1.65,113.53,1983.16
2024-12-19,Mustard,Poonch,6.13,100.37,5593.93
2023-10-30,Paddy,Rajouri,4.33,31.81,2162.88
2024-09-30,Paddy,Poonch,0.98,86.59,2082.68
2023-02-25,Apple,Kathua,6.66,22.24,7551.59
2024-12-26,Mustard,Jammu,25.35,62.83,5657.01
2024-06-09,Apple,Jammu,0.41,67.89,7376.92
2024-04-18,Wheat,Jammu,3.45,15.57,2242.5
2023-01-28,Mustard,Kathua,2.33,48.36,5595.65
2023-03-19,Maize,Udhampur,2.72,143.79,1824.94
2023-12-31,Wheat,Udhampur,23.91,143.51,2129.8
2024-10-27,Wheat,Poonch,6.31,59.33,2255.54
2024-06-09,Maize,Udhampur,6.28,16.03,1987.44
2024-11-29,Wheat,Udhampur,14.3,35.07,2337.21
2025-06-01,Mustard,Jammu,1.68,64.91,5608.52
2025-10-27,Apple,Jammu,6.68,142.69,7286.65
2025-10-23,Wheat,Poonch,5.62,29.77,2272.78
2025-07-07,Mustard,Rajouri,9.09,116.89,5503.89
2025-01-19,Paddy,Poonch,77.24,25.22,2447.69
2023-12-29,Mustard,Poonch,14.67,147.38,5520.09
2025-03-16,Apple,Kathua,5.07,63.43,7358.08
2025-01-08,Mustard,Kathua,17.58,118.53,5554.89
2025-11-04,Maize,Poonch,1.87,57.96,1999.79
2024-04-29,Apple,Poonch,0.31,97.87,7357.91
2023-01-28,Paddy,Poonch,2.29,36.88,2102.24
2024-12-14,Maize,Udhampur,4.16,30.44,2136.32
2025-11-28,Mustard,Kathua,7.15,141.33,5507.69
2023-03-27,Apple,Poonch,9.55,138.47,7289.57
2023-05-06,Paddy,Jammu,24.15,134.25,1998.85
2025-03-22,Maize,Jammu,7.13,97.56,1949.12
2024-06-20,Paddy,Udhampur,6.96,123.16,2040.08
2023-05-25,Mustard,Udhampur,0.52,19.67,5632.97
2023-01-25,Paddy,Rajouri,0.36,56.87,2155.24
2023-03-08,Wheat,Rajouri,8.01,53.92,2255.3
2023-08-21,Maize,Rajouri,5.77,98.99,2003.61
2023-04-19,Paddy,Udhampur,18.27,59.83,2166.43
2026-03-15,Mustard,Udhampur,1.75,30.79,5546.9
2023-04-21,Mustard,Udhampur,0.25,93.51,5501.73
2023-08-16,Paddy,Jammu,5.96,124.01,2063.76
2023-04-21,Mustard,Udhampur,2.71,63.5,5561.1
2023-02-03,Apple,Jammu,0.51,28.52,7481.49
2024-09-14,Apple,Rajouri,12.9,37.54,7470.63
2025-01-17,Apple,Rajouri,1.18,43.25,7392.56
2024-08-17,Wheat,Rajouri,9.37,51.99,2221.45
2024-02-29,Paddy,Poonch,3.3,99.99,2057.48
2024-09-04,Wheat,Poonch,1.91,94.13,2110.41
2024-11-22,Mustard,Kathua,4.78,107.45,5493.51
2023-11-11,Wheat,Kathua,16.17,60.75,2193.34
2025-05-26,Mustard,Kathua,4.98,125.36,5528.26
2024-10-23,Mustard,Poonch,13.89,38.57,5623.34
2023-10-04,Maize,Poonch,1.34,75.67,2046.16
2024-09-15,Apple,Kathua,14.82,122.13,7433.02
2024-05-30,Mustard,Kathua,2.7,35.22,5602.16
2025-04-22,Maize,Udhampur,11.31,25.38,2042.74
2023-12-16,Apple,Kathua,8.34,133.72,7232.24
2025-04-02,Mustard,Udhampur,26.47,58.01,5581.45
2026-03-06,Mustard,Jammu,4.9,105.74,5445.25
2025-01-28,Wheat,Poonch,0.68,13.55,2318.88
2025-06-17,Wheat,Kathua,0.19,106.61,2120.91
2023-08-31,Apple,Poonch,17.54,54.25,7492.29
2024-06-26,Mustard,Poonch,7.44,17.8,5547.19
2025-11-29,Paddy,Poonch,14.93,95.37,2033.81
2023-08-17,Wheat,Jammu,2.67,43.71,2257.9
2024-07-01,Apple,Rajouri,4.23,64.15,7430.22
2025-07-08,Mustard,Kathua,0.31,21.28,5612.45
2023-01-06,Mustard,Rajouri,32.57,30.6,5733.74
2024-04-12,Paddy,Rajouri,11.02,51.72,2214.29
2023-03-16,Apple,Rajouri,27.06,22.57,7542.79
2023-01-04,Mustard,Poonch,3.09,137.52,5456.73
2024-10-07,Wheat,Udhampur,9.45,10.85,2297.63
2023-04-28,Paddy,Poonch,11.35,77.74,2210.35
2025-05-30,Apple,Poonch,3.82,27.25,7376.88
2024-05-18,Paddy,Rajouri,18.85,53.08,2194.45
2025-08-04,Wheat,Poonch,29.41,139.65,2154.47
2024-07-27,Apple,Rajouri,21.62,32.64,7545.73
2023-07-13,Paddy,Udhampur,13.43,145.22,1978.56
2025-04-26,Maize,Kathua,3.25,38.81,2039.98
2024-12-15,Wheat,Rajouri,3.31,113.82,2146.88
2025-11-15,Wheat,Udhampur,33.07,86.53,2391.11
2023-06-22,Wheat,Kathua,0.1,133.83,2110.94
2023-11-22,Maize,Jammu,12.59,87.56,1960.79
2026-02-15,Maize,Rajouri,12.25,84.84,1982.87
2025-04-15,Mustard,Rajouri,9.75,37.36,5604.76
2024-12-24,Paddy,Jammu,46.16,33.27,2200.0
2023-08-13,Mustard,Jammu,3.74,138.31,5439.65
2024-06-15,Paddy,Rajouri,4.15,55.9,2145.41
2023-04-23,Maize,Jammu,0.82,62.09,1942.15
2023-05-20,Maize,Poonch,5.85,116.38,1981.33
2024-07-12,Mustard,Kathua,3.03,57.44,5595.49
2023-01-01,Apple,Kathua,4.21,143.29,7265.5
2023-03-31,Mustard,Kathua,17.99,113.31,5531.23
2024-10-15,Paddy,Poonch,27.41,93.64,2202.18
2023-11-16,Mustard,Jammu,2.05,133.33,5489.57
2023-05-19,Wheat,Udhampur,4.66,16.94,2264.9
2025-04-24,Paddy,Jammu,26.4,45.99,2187.8
2023-09-16,Paddy,Rajouri,0.64,75.11,2075.83
2025-06-20,Apple,Kathua,0.97,41.78,7417.4
2024-11-20,Maize,Jammu,1.78,114.15,1829.76
2023-01-10,Paddy,Udhampur,9.04,138.69,2095.79
2023-09-18,Maize,Rajouri,1.63,69.33,1998.21
2023-06-21,Mustard,Poonch,34.44,57.9,5691.27
2025-06-16,Wheat,Poonch,5.92,144.62,2074.41
2023-01-13,Apple,Udhampur,6.96,72.28,7380.77
2026-04-06,Maize,Rajouri,2.83,78.47,1972.98
2023-11-17,Paddy,Kathua,6.37,59.23,2042.57
2023-11-25,Maize,Jammu,10.84,137.34,2021.15
2025-02-23,Paddy,Rajouri,13.91,89.65,2037.48
2025-02-15,Maize,Poonch,14.02,116.7,1913.38
2025-06-29,Paddy,Udhampur,8.62,123.65,2005.3
2026-01-23,Mustard,Udhampur,23.47,57.86,5696.28
2023-11-14,Paddy,Jammu,17.01,70.72,2132.0
2023-08-24,Paddy,Udhampur,14.15,128.79,1979.47
2023-11-30,Wheat,Udhampur,0.57,60.86,2241.98
2024-01-11,Paddy,Rajouri,0.07,121.15,2034.39
2026-03-06,Wheat,Kathua,2.39,141.74,2094.27
2024-08-10,Apple,Jammu,10.89,97.25,7421.18
2024-05-27,Wheat,Rajouri,5.3,113.83,2228.96
2025-07-06,Mustard,Kathua,5.15,122.71,5580.74
2025-05-22,Wheat,Rajouri,21.59,128.31,2120.72
2023-09-27,Apple,Rajouri,22.59,65.31,7547.4
2025-03-08,Mustard,Udhampur,23.99,17.18,5718.24
2024-12-25,Maize,Kathua,3.77,66.26,2025.13
2026-04-03,Maize,Jammu,11.75,104.33,1894.95
2023-01-05,Wheat,Jammu,3.17,73.05,2167.9
2025-04-30,Wheat,Kathua,2.11,114.85,2072.9
2023-03-19,Apple,Udhampur,2.04,59.98,7453.82
2024-07-27,Apple,Poonch,4.19,98.86,7413.32
2023-05-12,Paddy,Rajouri,5.62,36.1,2053.48
2024-08-23,Apple,Udhampur,17.78,114.91,7383.54
2025-12-01,Paddy,Kathua,1.28,86.4,2107.98
2023-03-30,Mustard,Rajouri,13.28,38.57,5626.24
2024-02-06,Wheat,Jammu,7.58,50.87,2255.76
2023-10-23,Mustard,Poonch,3.4,114.81,5504.47
2024-09-07,Apple,Jammu,6.79,77.56,7420.76
2025-03-10,Mustard,Kathua,3.57,40.24,5588.85
2024-02-26,Mustard,Rajouri,9.07,145.42,5406.15
2025-11-12,Mustard,Kathua,5.69,110.12,5452.56
2024-07-28,Apple,Rajouri,1.8,144.0,7321.68
2023-05-23,Mustard,Udhampur,1.24,69.79,5550.16
2025-09-19,Paddy,Poonch,7.91,76.51,2087.31
2024-10-26,Apple,Udhampur,23.27,135.71,7351.82
2023-05-25,Mustard,Udhampur,4.22,83.51,5524.51
2025-10-03,Apple,Kathua,13.21,109.02,7425.85
2024-05-17,Maize,Poonch,10.75,45.3,2041.36
2025-03-31,Paddy,Rajouri,26.82,72.54,2099.67
2023-04-14,Mustard,Rajouri,17.2,27.28,5697.58
2025-11-28,Maize,Jammu,8.36,38.84,2049.27
2023-07-17,Maize,Rajouri,10.7,10.13,2110.46
2024-08-01,Apple,Kathua,22.87,15.5,7622.28
2024-01-26,Maize,Udhampur,5.1,146.82,1885.16
2024-07-07,Paddy,Udhampur,3.96,43.93,2142.79
2025-11-04,Paddy,Udhampur,0.11,102.86,1976.01
2024-04-22,Wheat,Poonch,17.52,127.47,2129.97
2025-07-11,Paddy,Rajouri,16.14,87.09,2131.44
2024-02-24,Maize,Kathua,1.1,31.44,1976.37
2023-06-06,Paddy,Poonch,8.6,111.94,2051.65
2024-07-03,Apple,Jammu,6.24,94.04,7383.44
2026-01-25,Wheat,Kathua,1.26,112.38,2112.32
2025-10-17,Maize,Kathua,39.41,117.76,2086.14
2025-09-23,Wheat,Kathua,2.42,146.56,2077.95
2025-08-08,Maize,Udhampur,0.7,90.3,2023.3
2023-10-16,Apple,Kathua,9.03,57.83,7397.44
2023-07-15,Wheat,Rajouri,13.43,100.79,2172.91
2024-08-20,Mustard,Kathua,0.33,19.58,5625.49
2024-05-31,Maize,Udhampur,10.75,135.64,1872.82
2025-05-14,Mustard,Kathua,7.6,26.71,5677.29
2026-02-15,Wheat,Jammu,1.09,55.9,2299.25
2025-03-16,Mustard,Jammu,1.89,124.2,5468.98
2026-03-28,Mustard,Udhampur,8.39,93.62,5559.14
2025-03-25,Wheat,Rajouri,3.51,65.11,2192.37
2023-08-16,Apple,Rajouri,27.86,76.28,7442.62
2023-08-04,Mustard,Poonch,17.08,129.64,5428.26
2025-08-05,Mustard,Udhampur,41.08,57.6,5663.3
2023-01-15,Apple,Kathua,3.01,131.75,7249.37
2026-03-26,Mustard,Udhampur,34.97,22.34,5805.08
2026-03-26,Mustard,Poonch,5.64,118.75,5484.74
2023-02-16,Mustard,Udhampur,4.27,128.66,5455.11
2023-11-20,Paddy,Udhampur,0.52,35.45,2171.5
2025-04-23,Apple,Poonch,0.54,70.25,7345.87
2023-05-10,Mustard,Rajouri,11.78,33.17,5603.43
2023-04-05,Apple,Kathua,6.12,108.92,7359.27
2024-09-18,Maize,Poonch,2.57,84.95,2017.09
2025-01-24,Maize,Jammu,9.52,98.95,1994.61
2025-03-04,Mustard,Rajouri,2.92,37.51,5614.25
2023-03-10,Apple,Jammu,8.62,39.64,7471.64
2023-01-11,Apple,Rajouri,4.45,15.81,7508.54
2025-05-21,Apple,Kathua,17.35,55.09,7481.96
2024-07-03,Paddy,Kathua,17.19,88.36,2059.12
2026-03-03,Maize,Udhampur,6.49,130.11,1917.68
2024-12-12,Apple,Jammu,4.32,103.37,7310.45
2023-01-23,Apple,Rajouri,4.5,70.96,7411.61
2025-03-25,Paddy,Kathua,16.38,143.44,1998.63
2023-12-12,Paddy,Poonch,3.98,110.69,2143.97
2023-10-29,Apple,Kathua,2.35,140.22,7295.39
2023-12-29,Wheat,Poonch,0.88,83.86,2088.84
2024-01-31,Apple,Rajouri,6.29,46.25,7444.71
2023-08-06,Apple,Kathua,6.58,17.4,7518.33
2023-05-21,Paddy,Kathua,18.38,111.65,2149.64
2025-08-15,Paddy,Rajouri,2.5,26.98,2124.0
2025-09-11,Apple,Kathua,4.8,52.39,7365.57
2025-09-19,Apple,Poonch,16.52,84.55,7462.8
2025-04-07,Apple,Kathua,17.35,89.02,7359.86
2024-11-13,Paddy,Jammu,4.86,94.08,2037.81
2025-09-30,Apple,Udhampur,6.15,33.28,7458.17
2023-12-22,Apple,Poonch,3.61,63.16,7413.68
2025-10-04,Mustard,Jammu,26.96,96.41,5622.67
2026-03-02,Wheat,Rajouri,1.26,145.77,2029.61
2025-06-06,Maize,Poonch,27.14,111.87,1996.73
2023-05-07,Wheat,Udhampur,11.52,139.16,2102.48
2026-02-03,Mustard,Udhampur,7.58,116.71,5505.92
2025-10-05,Maize,Rajouri,0.33,92.84,1956.2
2024-08-26,Apple,Rajouri,6.45,36.88,7484.94
2025-10-10,Mustard,Poonch,5.24,103.34,5549.73
2023-02-20,Apple,Kathua,1.76,97.27,7377.4
2025-11-18,Paddy,Rajouri,10.68,94.35,2096.06
2025-02-17,Mustard,Kathua,35.46,78.57,5574.42
2025-03-24,Paddy,Jammu,8.26,84.01,2085.68
2024-02-24,Mustard,Udhampur,12.54,56.82,5626.48
2025-09-09,Mustard,Kathua,0.71,82.7,5561.02
2025-04-04,Paddy,Udhampur,5.41,37.66,2112.67
2025-10-21,Maize,Kathua,1.24,122.72,1880.23
2024-07-20,Wheat,Jammu,9.49,36.01,2225.52
2024-01-06,Apple,Rajouri,27.88,21.9,7580.5
2025-07-24,Mustard,Jammu,10.84,71.07,5624.61
2024-10-22,Apple,Rajouri,0.8,102.16,7330.98
2025-08-26,Paddy,Rajouri,4.38,71.28,2130.95
2026-03-06,Apple,Udhampur,8.0,48.75,7458.03
2023-07-21,Paddy,Jammu,5.16,88.14,2061.71
2023-11-09,Apple,Kathua,17.94,58.58,7460.03
2023-04-27,Wheat,Jammu,16.86,140.6,2151.65
2025-07-25,Wheat,Udhampur,9.46,139.17,2111.17
2024-07-28,Wheat,Rajouri,4.68,80.33,2271.89
2023-09-01,Wheat,Udhampur,2.95,55.9,2162.24
2024-06-20,Wheat,Poonch,1.12,113.2,2132.1
2023-03-16,Wheat,Poonch,4.38,15.14,2242.49
2024-01-21,Paddy,Kathua,5.33,76.47,2046.23
2024-04-19,Mustard,Udhampur,11.26,57.09,5599.91
2024-02-22,Apple,Kathua,10.73,138.88,7332.2
2023-12-13,Wheat,Kathua,0.73,11.68,2391.13
2024-10-01,Paddy,Poonch,5.03,87.39,2059.72
2025-07-27,Paddy,Kathua,2.01,113.69,1968.04
2025-08-12,Paddy,Poonch,1.71,77.9,2083.91
2025-05-25,Mustard,Rajouri,17.56,21.96,5579.89
2025-02-01,Apple,Udhampur,0.43,146.14,7278.03
2024-10-25,Mustard,Kathua,5.43,82.52,5544.32
2023-01-25,Maize,Poonch,1.84,95.99,1987.66
2024-12-10,Paddy,Jammu,21.15,43.13,2229.8
2026-03-30,Maize,Kathua,8.14,77.69,1976.85
2023-06-26,Wheat,Rajouri,2.63,70.08,2171.52
2023-10-12,Wheat,Rajouri,6.98,20.49,2232.13
2023-03-04,Mustard,Jammu,13.15,24.86,5604.03
2025-09-29,Apple,Poonch,31.73,127.25,7424.61
2024-10-23,Maize,Kathua,2.49,43.57,1975.3
2024-10-27,Apple,Poonch,21.73,37.29,7494.94
2023-06-05,Mustard,Rajouri,27.23,80.69,5571.32
2025-12-08,Wheat,Poonch,24.82,117.62,2202.73
2025-08-24,Apple,Rajouri,10.09,18.67,7585.35
2025-04-28,Apple,Poonch,9.94,90.75,7337.11
2026-01-12,Wheat,Jammu,5.16,26.69,2168.09
2024-11-19,Maize,Udhampur,13.96,15.1,2106.4
2023-05-28,Wheat,Jammu,7.58,17.38,2273.89
2023-12-08,Apple,Jammu,11.31,126.78,7355.86
2024-04-20,Maize,Udhampur,5.59,26.52,2048.02
2025-12-22,Maize,Udhampur,13.15,16.32,2098.57
2024-07-14,Wheat,Kathua,17.4,71.31,2240.25
2023-11-23,Apple,Kathua,1.58,128.16,7359.64
2026-03-10,Mustard,Jammu,17.89,46.74,5549.16
2025-09-16,Apple,Jammu,7.77,69.04,7404.7
2023-08-03,Paddy,Rajouri,18.62,15.59,2228.82
2024-03-10,Mustard,Rajouri,5.64,72.87,5517.43
2025-08-09,Maize,Kathua,4.76,90.87,2046.83
2024-12-23,Mustard,Kathua,24.66,89.93,5565.42
2023-02-01,Maize,Rajouri,2.89,56.54,2012.58
2024-10-31,Maize,Rajouri,18.59,54.17,2093.25
2023-10-12,Mustard,Poonch,6.62,24.93,5607.18
2024-03-04,Maize,Poonch,7.22,61.35,1937.98
2023-10-13,Maize,Rajouri,3.69,23.93,2046.62
2026-03-13,Paddy,Poonch,8.51,117.32,2080.58
2025-11-08,Apple,Udhampur,3.93,145.28,7279.5
2023-01-18,Apple,Kathua,0.4,145.81,7244.48
2025-02-07,Paddy,Kathua,3.17,131.11,2038.13
2024-08-12,Mustard,Rajouri,0.06,94.11,5494.14
2026-04-13,Wheat,Jammu,38.33,108.12,2212.52
2025-10-06,Wheat,Rajouri,33.74,49.93,2314.8
2023-07-13,Wheat,Poonch,5.03,98.31,2178.31
2024-05-16,Paddy,Jammu,13.03,73.79,2221.19
2025-09-14,Paddy,Poonch,4.24,77.48,2117.57
2026-02-10,Maize,Udhampur,11.12,116.09,2003.64
2023-04-24,Wheat,Poonch,16.37,49.47,2230.41
2025-08-04,Mustard,Udhampur,29.33,54.53,5615.9
2025-04-10,Mustard,Udhampur,5.11,139.45,5459.98
2025-07-13,Wheat,Poonch,15.29,17.87,2301.95
2023-02-24,Wheat,Poonch,3.09,77.99,2119.37
2025-03-10,Wheat,Udhampur,46.39,137.79,2208.87
2025-02-16,Paddy,Jammu,0.26,95.45,2058.63
2023-06-11,Paddy,Udhampur,9.25,86.5,2099.07
2023-03-28,Paddy,Kathua,10.77,44.96,2172.72
2023-02-24,Apple,Udhampur,11.65,58.06,7463.28
2025-10-28,Mustard,Jammu,1.28,129.29,5437.35
2025-04-12,Mustard,Kathua,27.89,88.29,5583.69
2023-11-09,Maize,Rajouri,2.0,82.06,1919.36
2025-01-28,Paddy,Rajouri,9.75,23.94,2258.6
2024-03-18,Apple,Jammu,2.52,12.24,7490.31
2023-11-24,Apple,Udhampur,3.67,144.92,7284.25
2025-12-13,Mustard,Poonch,7.91,62.78,5539.35
2025-01-30,Paddy,Jammu,5.4,94.45,2190.71
2024-08-01,Maize,Kathua,1.75,21.16,2015.56
2025-12-10,Paddy,Kathua,1.87,105.64,2011.23
2025-10-03,Wheat,Rajouri,5.42,140.56,2100.22
2023-04-06,Paddy,Kathua,14.16,90.59,2119.44
2026-01-16,Wheat,Jammu,22.82,27.66,2349.64
2026-01-06,Wheat,Kathua,0.88,91.44,2222.0
2026-02-17,Maize,Jammu,4.99,117.29,1952.81
2025-03-24,Mustard,Poonch,1.06,66.9,5505.52
2024-05-05,Paddy,Rajouri,0.17,133.18,1972.21
2024-03-27,Wheat,Kathua,10.84,100.82,2172.31
2023-06-14,Paddy,Jammu,9.22,135.89,2101.74
2023-07-01,Mustard,Udhampur,1.78,97.29,5446.86
2024-04-13,Mustard,Rajouri,2.66,28.38,5670.06
2025-06-28,Apple,Poonch,0.24,53.36,7428.82
2025-01-04,Mustard,Jammu,18.01,38.25,5687.96
2025-04-02,Maize,Poonch,36.77,137.24,1997.21
2025-08-01,Wheat,Poonch,1.46,116.46,2067.07
2023-01-07,Apple,Kathua,2.63,104.7,7385.16
2023-11-26,Maize,Kathua,20.28,52.14,2106.14
2025-02-13,Paddy,Jammu,26.1,35.77,2256.61
2023-05-31,Wheat,Udhampur,5.44,115.9,2117.96
2026-01-13,Mustard,Jammu,0.52,76.38,5510.1
2023-05-27,Wheat,Udhampur,0.4,41.61,2143.72
2025-07-03,Paddy,Poonch,8.53,96.33,2102.67
2024-11-30,Apple,Rajouri,4.99,15.65,7511.57
2023-03-23,Apple,Jammu,0.29,55.66,7373.98
2024-05-28,Apple,Jammu,8.75,75.6,7390.36
2025-03-25,Mustard,Udhampur,0.11,30.71,5583.28
2024-12-09,Maize,Poonch,15.48,147.85,1851.03
2025-01-15,Maize,Poonch,3.66,39.27,2006.01
2025-10-19,Wheat,Udhampur,0.41,28.25,2182.91
2024-12-07,Mustard,Poonch,8.88,38.49,5602.12
2024-04-15,Apple,Kathua,5.07,117.67,7306.48
2026-02-16,Apple,Rajouri,36.42,69.57,7438.97
2024-01-31,Paddy,Jammu,7.86,89.16,2165.43
2023-09-18,Paddy,Rajouri,3.22,12.94,2230.26
2025-03-15,Apple,Jammu,12.36,14.82,7482.27
2025-07-22,Apple,Kathua,3.17,72.42,7413.77
2025-06-23,Mustard,Poonch,23.46,124.33,5557.36
2025-12-12,Maize,Udhampur,4.7,133.93,1957.74
2025-07-28,Paddy,Kathua,7.98,22.14,2138.49
2025-05-03,Maize,Rajouri,0.52,85.37,2012.75
2024-08-15,Mustard,Udhampur,5.55,137.85,5436.33
2024-12-14,Apple,Poonch,17.86,64.32,7400.56
2026-03-27,Maize,Kathua,16.38,126.14,1985.79
2024-09-23,Apple,Udhampur,2.54,28.72,7523.13
2023-02-28,Apple,Kathua,2.56,140.96,7413.21
2023-05-08,Wheat,Kathua,17.0,115.2,2102.61
2025-01-05,Maize,Poonch,26.65,141.79,1994.05
2024-12-21,Maize,Jammu,1.0,104.73,1917.66
2026-02-12,Apple,Udhampur,5.98,60.88,7463.07
2024-06-09,Mustard,Poonch,4.12,141.35,5384.99
2024-06-04,Wheat,Kathua,20.46,48.58,2210.78
2024-07-05,Apple,Poonch,0.87,56.5,7383.12
2023-08-25,Paddy,Jammu,2.37,108.11,2031.97
2024-05-08,Paddy,Udhampur,13.96,117.14,2023.11
2023-01-04,Wheat,Jammu,0.53,140.12,2096.17
2024-10-27,Mustard,Rajouri,6.78,38.67,5659.9
2024-03-17,Apple,Udhampur,5.84,121.72,7363.09
2023-01-29,Maize,Jammu,4.07,113.4,2005.77
2026-02-06,Wheat,Kathua,5.02,18.93,2281.38
2024-09-01,Mustard,Udhampur,7.55,64.21,5523.08
2025-03-15,Maize,Udhampur,1.76,49.59,2082.6
2023-03-16,Paddy,Poonch,8.49,52.63,2103.99
2025-04-17,Paddy,Kathua,16.37,147.61,2054.94
2026-03-15,Maize,Rajouri,14.28,99.99,2056.53
2023-05-08,Wheat,Jammu,1.67,110.47,2135.19
2023-02-11,Paddy,Poonch,1.62,146.73,1900.76
2023-02-10,Apple,Jammu,3.12,62.81,7374.45
2025-07-22,Maize,Rajouri,4.48,122.26,1980.47
2023-02-03,Maize,Rajouri,5.25,70.83,1992.94
2025-11-06,Paddy,Udhampur,11.38,131.73,2025.4
2026-03-22,Wheat,Rajouri,0.58,35.29,2258.07
2025-09-24,Apple,Jammu,0.35,142.68,7318.43
2024-08-10,Wheat,Kathua,4.97,40.63,2242.5
2023-12-08,Mustard,Kathua,11.95,55.67,5595.34
2023-01-27,Mustard,Udhampur,2.15,115.87,5469.0
2024-10-07,Paddy,Jammu,10.26,65.13,2156.74
2024-12-31,Paddy,Jammu,3.01,95.15,2074.82
2023-06-17,Paddy,Rajouri,21.72,72.24,2132.57
2024-09-01,Mustard,Jammu,22.6,113.93,5600.12
2023-09-25,Wheat,Poonch,3.53,41.97,2217.53
2025-03-31,Wheat,Rajouri,2.61,18.18,2217.76
2024-03-30,Paddy,Poonch,5.3,51.99,2087.82
2025-06-24,Apple,Udhampur,2.75,76.4,7350.16
2025-07-10,Wheat,Kathua,11.16,33.52,2248.17
2025-09-07,Mustard,Udhampur,17.49,59.67,5671.98
2024-12-02,Maize,Kathua,11.18,66.0,1990.55
2024-09-25,Maize,Udhampur,17.39,18.03,2127.08
2023-05-10,Maize,Jammu,5.06,91.66,1939.15
2025-10-16,Apple,Poonch,1.7,133.81,7293.01
2025-03-29,Paddy,Kathua,13.39,31.24,2111.04
2024-11-23,Mustard,Rajouri,4.47,93.69,5513.84
2025-03-04,Apple,Poonch,11.13,103.06,7372.31
2023-01-29,Mustard,Rajouri,3.16,68.71,5581.36
2023-05-29,Mustard,Poonch,0.85,108.15,5500.54
2023-01-11,Paddy,Poonch,49.04,67.5,2184.75
2024-11-06,Maize,Udhampur,1.7,80.65,2023.25
2026-02-10,Paddy,Kathua,44.59,11.03,2318.61
2023-07-06,Apple,Kathua,37.85,106.84,7469.79
2025-03-17,Apple,Poonch,15.79,102.59,7396.23
2025-01-13,Apple,Jammu,10.77,15.38,7488.09
2023-04-08,Paddy,Jammu,8.62,61.56,2128.05
2023-02-24,Mustard,Rajouri,20.11,147.06,5515.16
2024-09-14,Mustard,Rajouri,3.42,68.9,5478.98
2024-10-25,Wheat,Udhampur,6.31,80.27,2150.54
2025-01-27,Apple,Poonch,9.66,137.39,7313.35
2024-02-10,Mustard,Rajouri,5.3,110.42,5512.86
2023-03-10,Wheat,Rajouri,5.58,91.49,2209.32
2025-01-20,Mustard,Poonch,4.01,121.69,5445.57
2026-03-17,Apple,Udhampur,8.31,131.01,7307.67
2025-08-15,Maize,Rajouri,19.01,73.96,2016.83
2023-12-31,Apple,Udhampur,2.25,76.52,7356.35
2024-04-26,Paddy,Kathua,27.25,64.05,2158.5
2023-07-20,Mustard,Udhampur,11.68,145.34,5504.05
2023-06-03,Mustard,Jammu,17.33,107.6,5496.63
2023-03-14,Paddy,Jammu,8.12,21.65,2195.76
2024-12-13,Paddy,Udhampur,15.12,130.81,1958.58
2023-10-23,Maize,Jammu,0.16,77.28,1949.33
2025-11-06,Mustard,Kathua,17.06,19.63,5660.32
2023-03-02,Mustard,Poonch,0.41,86.96,5596.24
2025-07-27,Maize,Jammu,22.06,68.4,2045.63
2023-02-11,Wheat,Jammu,48.24,132.88,2130.99
2023-01-25,Maize,Udhampur,3.48,38.56,1953.35
2025-11-28,Apple,Kathua,2.36,125.71,7320.52
2023-05-11,Mustard,Poonch,14.5,88.08,5591.9
2023-04-18,Paddy,Udhampur,2.92,17.65,2182.76
2023-06-21,Apple,Udhampur,20.07,146.06,7352.67
2023-04-12,Mustard,Kathua,1.09,81.77,5583.13
2025-05-15,Maize,Poonch,1.35,50.72,1993.96
2024-06-07,Apple,Kathua,38.7,75.72,7550.53
2023-10-02,Mustard,Poonch,11.2,130.1,5417.25
2025-12-03,Wheat,Kathua,18.77,52.69,2215.31
2025-03-27,Wheat,Udhampur,3.92,36.97,2150.77
2025-08-14,Paddy,Udhampur,11.29,28.07,2164.65
2025-11-06,Mustard,Rajouri,9.02,51.7,5599.23
2023-11-26,Wheat,Jammu,9.24,119.21,2130.89
2023-01-12,Maize,Kathua,11.47,76.03,2015.44
2023-08-04,Mustard,Rajouri,8.57,41.85,5572.91
2023-12-05,Maize,Jammu,5.6,33.27,2049.45
2024-10-22,Maize,Kathua,3.23,56.58,1948.08
2026-01-09,Wheat,Poonch,14.64,141.59,2170.81
2024-01-09,Mustard,Jammu,2.57,58.02,5557.53
2025-09-02,Apple,Udhampur,11.79,148.34,7293.22
2024-12-10,Wheat,Rajouri,2.66,77.93,2238.12
2024-04-10,Wheat,Jammu,9.82,35.08,2197.9
2026-01-17,Mustard,Jammu,13.75,134.76,5441.21
2024-05-03,Mustard,Udhampur,2.47,74.45,5496.9
2023-02-16,Maize,Kathua,0.62,109.35,1924.9
2025-02-16,Mustard,Poonch,1.4,147.72,5452.32
2025-11-05,Maize,Udhampur,9.31,17.02,2127.55
2024-12-11,Wheat,Poonch,18.93,23.54,2416.01
2024-02-05,Paddy,Kathua,0.46,110.86,1916.96
2025-09-07,Apple,Jammu,13.25,49.46,7495.6
2026-01-14,Wheat,Poonch,4.18,35.8,2209.61
2023-09-07,Mustard,Rajouri,6.51,15.51,5621.18
2024-01-26,Apple,Rajouri,26.43,13.06,7537.1
2023-12-01,Paddy,Udhampur,4.03,118.43,1977.36
2024-09-20,Paddy,Kathua,6.26,28.82,2235.61
2023-05-17,Maize,Udhampur,0.14,75.48,2015.13
2025-06-01,Apple,Udhampur,0.85,94.83,7361.52
2024-11-18,Maize,Udhampur,2.99,69.97,2055.41
2025-04-06,Wheat,Rajouri,0.28,13.79,2187.15
2024-12-27,Apple,Rajouri,9.98,119.69,7292.52
2024-08-16,Wheat,Udhampur,5.56,11.47,2177.58
2025-09-16,Maize,Rajouri,7.94,116.66,1908.94
2024-01-07,Apple,Kathua,1.92,135.06,7310.83
